﻿<?xml version="1.0" encoding="utf-8"?>
<Files>
  <File ID="0" Name="android_dev.xml" FileSize="800" CRC32="4180548667" />
  <File ID="1" Name="effectshare.unity3d" FileSize="3032153" CRC32="105748492" />
  <File ID="2" Name="gmlogininfo.txt" FileSize="26" CRC32="463620433" />
  <File ID="3" Name="GongGaoAdd.xml" FileSize="429" CRC32="3582705913" />
  <File ID="4" Name="MonsterSpeed.xml" FileSize="4962" CRC32="746608825" />
  <File ID="5" Name="quality_config.xml" FileSize="927" CRC32="1907215258" />
  <File ID="6" Name="shareshader.unity3d" FileSize="21375" CRC32="1169436615" />
  <File ID="7" Name="TuiSong.xml" FileSize="3120" CRC32="2663767530" />
  <File ID="8" Name="UserTreaty.xml" FileSize="35710" CRC32="4073918988" />
  <File ID="9" Name="LoadGame/11.jpg.qj" FileSize="309665" CRC32="2470944791" />
  <File ID="10" Name="LoadGame/11_40.jpg.qj" FileSize="236052" CRC32="1768870739" />
  <File ID="11" Name="LoadGame/Loading_tuiguang2.jpg.qj" FileSize="133478" CRC32="1303323526" />
  <File ID="12" Name="Logo/Loading.png" FileSize="49275" CRC32="3878400427" />
  <File ID="13" Name="Logo/Loading3.jpg.qj" FileSize="45018" CRC32="2008529760" />
  <File ID="14" Name="Logo/Loading4.jpg.qj" FileSize="51059" CRC32="3389958315" />
  <File ID="15" Name="Logo/Loading_tuiguang1.jpg.qj" FileSize="87413" CRC32="2539226498" />
  <File ID="16" Name="Logo/Loading_tuiguang2.jpg.qj" FileSize="133478" CRC32="1303323526" />
  <File ID="17" Name="Logo/logo1.png" FileSize="42422" CRC32="1461724033" />
</Files>