﻿<?xml version="1.0" encoding="utf-8"?>
<Config>
  <Monster ID="100" Speed="0.3" />
  <Monster ID="102" Speed="0.3" />
  <Monster ID="501" Speed="0.3" />
  <Monster ID="107" Speed="0.4" />
  <Monster ID="190" Speed="0.4" />
  <Monster ID="105" Speed="0.3" />
  <Monster ID="101" Speed="0.4" />
  <Monster ID="300" Speed="0.4" />
  <Monster ID="301" Speed="0.3" />
  <Monster ID="302" Speed="0.3" />
  <Monster ID="390" Speed="0.4" />
  <Monster ID="503" Speed="0.4" />
  <Monster ID="203" Speed="0.4" />
  <Monster ID="400" Speed="0.25" />
  <Monster ID="407" Speed="0.25" />
  <Monster ID="104" Speed="0.3" />
  <Monster ID="103" Speed="0.3" />
  <Monster ID="106" Speed="0.3" />
  <Monster ID="303" Speed="0.3" />
  <Monster ID="304" Speed="0.3" />
  <Monster ID="382" Speed="0.3" />
  <Monster ID="381" Speed="0.3" />
  <Monster ID="380" Speed="0.3" />
  <Monster ID="305" Speed="0.3" />
  <Monster ID="505" Speed="0.3" />
  <Monster ID="504" Speed="0.3" />
  <Monster ID="502" Speed="0.7" />
  <Monster ID="201" Speed="0.3" />
  <Monster ID="204" Speed="0.3" />
  <Monster ID="202" Speed="0.3" />
  <Monster ID="206" Speed="0.3" />
  <Monster ID="207" Speed="0.2" />
  <Monster ID="205" Speed="0.3" />
  <Monster ID="600" Speed="0.3" />
  <Monster ID="601" Speed="0.3" />
  <Monster ID="602" Speed="0.3" />
  <Monster ID="603" Speed="0.3" />
  <Monster ID="604" Speed="0.3" />
  <Monster ID="605" Speed="0.3" />
  <Monster ID="700" Speed="0.3" />
  <Monster ID="701" Speed="0.3" />
  <Monster ID="702" Speed="0.3" />
  <Monster ID="703" Speed="0.3" />
  <Monster ID="704" Speed="0.3" />
  <Monster ID="401" Speed="0.3" />
  <Monster ID="404" Speed="0.3" />
  <Monster ID="405" Speed="0.3" />
  <Monster ID="402" Speed="0.3" />
  <Monster ID="403" Speed="0.3" />
  <Monster ID="406" Speed="0.3" />
  <Monster ID="410" Speed="0.3" />
  <Monster ID="408" Speed="0.3" />
  <Monster ID="409" Speed="0.3" />
  <Monster ID="800" Speed="0.3" />
  <Monster ID="801" Speed="0.3" />
  <Monster ID="802" Speed="0.3" />
  <Monster ID="803" Speed="0.3" />
  <Monster ID="805" Speed="0.3" />
  <Monster ID="806" Speed="0.3" />
  <Monster ID="609000" Speed="0.3" />
  <Monster ID="609001" Speed="0.3" />
  <Monster ID="609002" Speed="0.3" />
  <Monster ID="609003" Speed="0.3" />
  <Monster ID="609004" Speed="0.3" />
  <Monster ID="609005" Speed="0.3" />
  <Monster ID="185" Speed="0.3" />
  <Monster ID="490" Speed="0.3" />
  <Monster ID="590" Speed="0.3" />
  <Monster ID="690" Speed="0.3" />
  <Monster ID="790" Speed="0.3" />
  <Monster ID="791" Speed="0.3" />
  <Monster ID="890" Speed="0.3" />
  <Monster ID="1101" Speed="0.25" />
  <Monster ID="1102" Speed="0.25" />
  <Monster ID="1100" Speed="0.4" />
  <Monster ID="2101" Speed="0.3" />
  <Monster ID="2102" Speed="0.3" />
  <Monster ID="2100" Speed="0.3" />
  <Monster ID="3101" Speed="0.3" />
  <Monster ID="3102" Speed="0.3" />
  <Monster ID="3100" Speed="0.3" />
  <Monster ID="4102" Speed="0.3" />
  <Monster ID="4101" Speed="0.3" />
  <Monster ID="4100" Speed="0.4" />
  <Monster ID="5101" Speed="0.3" />
  <Monster ID="5102" Speed="0.3" />
  <Monster ID="5100" Speed="0.3" />
  <Monster ID="6101" Speed="0.3" />
  <Monster ID="6102" Speed="0.3" />
  <Monster ID="6100" Speed="0.3" />
  <Monster ID="7102" Speed="0.3" />
  <Monster ID="7101" Speed="0.3" />
  <Monster ID="7100" Speed="0.3" />
  <Monster ID="700006" Speed="0.3" />
  <Monster ID="700004" Speed="0.3" />
  <Monster ID="609006" Speed="0.3" />
  <Monster ID="609007" Speed="0.3" />
  <Monster ID="609008" Speed="0.3" />
  <Monster ID="400000" Speed="0.3" />
  <Monster ID="400001" Speed="0.3" />
  <Monster ID="400002" Speed="0.3" />
  <Monster ID="400003" Speed="0.3" />
  <Monster ID="400004" Speed="0.3" />
  <Monster ID="400005" Speed="0.3" />
  <Monster ID="400006" Speed="0.3" />
  <Monster ID="300000" Speed="0.3" />
  <Monster ID="902" Speed="0.3" />
  <Monster ID="901" Speed="0.3" />
  <Monster ID="903" Speed="0.3" />
  <Monster ID="904" Speed="0.3" />
  <Monster ID="905" Speed="0.3" />
  <Monster ID="1001" Speed="0.3" />
  <Monster ID="1002" Speed="0.3" />
  <Monster ID="1003" Speed="0.3" />
  <Monster ID="1004" Speed="0.3" />
  <Monster ID="1005" Speed="0.3" />
  <Monster ID="1006" Speed="0.3" />
  <Monster ID="1007" Speed="0.3" />
  <Monster ID="1008" Speed="0.3" />
  <Monster ID="2001" Speed="0.3" />
  <Monster ID="2002" Speed="0.3" />
  <Monster ID="2003" Speed="0.3" />
  <Monster ID="990" Speed="0.3" />
  <Monster ID="2090" Speed="0.3" />
  <Monster ID="2091" Speed="0.3" />
  <Monster ID="5200001" Speed="0.3" />
  <Monster ID="5200002" Speed="0.3" />
  <Monster ID="6000000" Speed="0.3" />
  <Monster ID="3003" Speed="0.3" />
  <Monster ID="3002" Speed="0.4" />
  <Monster ID="3001" Speed="0.4" />
  <Monster ID="3004" Speed="0.3" />
  <Monster ID="3005" Speed="0.3" />
</Config>